{
    "sum": 7816548,
    "avr": 310.5748569612206,
    "sumMD": 37296,
    "avrMD": 308.2314049586777,
    "sumSD": 35159,
    "avrSD": 290.5702479338843,
    "max": 591,
    "min": 28
}