{
    "Каша из сорго": {
        "mean": 4207.75,
        "max": 9696.0,
        "min": 584.0
    },
    "Семечки (тыквенные, подсолнечника)": {
        "mean": 4440.833333333333,
        "max": 9209.0,
        "min": 385.0
    },
    "BonAqua": {
        "mean": 5390.2,
        "max": 9048.0,
        "min": 1085.0
    },
    "Йогурт": {
        "mean": 4723.714285714285,
        "max": 8791.0,
        "min": 802.0
    },
    "Персик": {
        "mean": 5997.969696969697,
        "max": 9837.0,
        "min": 425.0
    },
    "Мороженое": {
        "mean": 5409.0,
        "max": 8708.0,
        "min": 104.0
    },
    "Лук-порей": {
        "mean": 5526.2692307692305,
        "max": 9803.0,
        "min": 240.0
    },
    "Манго": {
        "mean": 6369.6,
        "max": 9781.0,
        "min": 2260.0
    },
    "Компот из сухофруктов": {
        "mean": 5424.0,
        "max": 9788.0,
        "min": 1895.0
    },
    "Каша из дробленного пшена": {
        "mean": 5640.9,
        "max": 9696.0,
        "min": 1061.0
    },
    "Ананас": {
        "mean": 5138.181818181818,
        "max": 8661.0,
        "min": 1068.0
    },
    "Домашние колбасы": {
        "mean": 4801.875,
        "max": 9843.0,
        "min": 126.0
    },
    "Робот-пылесос": {
        "mean": 4373.111111111111,
        "max": 9822.0,
        "min": 1034.0
    },
    "Простокваша": {
        "mean": 4419.153846153846,
        "max": 8044.0,
        "min": 149.0
    },
    "Морковь": {
        "mean": 3429.5714285714284,
        "max": 7686.0,
        "min": 168.0
    },
    "Пахта": {
        "mean": 5168.0,
        "max": 8419.0,
        "min": 485.0
    },
    "Нектарин": {
        "mean": 6654.6,
        "max": 9059.0,
        "min": 3801.0
    },
    "Клубника": {
        "mean": 4758.642857142857,
        "max": 9180.0,
        "min": 747.0
    },
    "Байкал": {
        "mean": 4404.6,
        "max": 9202.0,
        "min": 498.0
    },
    "Скалки": {
        "mean": 5264.25,
        "max": 9902.0,
        "min": 437.0
    },
    "Новотерская": {
        "mean": 5261.0,
        "max": 9585.0,
        "min": 1882.0
    },
    "Крыжовник": {
        "mean": 5197.325,
        "max": 8826.0,
        "min": 316.0
    },
    "Черника": {
        "mean": 6565.5,
        "max": 9962.0,
        "min": 1314.0
    },
    "Плавленые сырки": {
        "mean": 6352.285714285715,
        "max": 9884.0,
        "min": 1297.0
    },
    "Козлятина": {
        "mean": 5715.5,
        "max": 9677.0,
        "min": 2074.0
    },
    "Хурма": {
        "mean": 6878.625,
        "max": 9960.0,
        "min": 1878.0
    },
    "Помело": {
        "mean": 3025.0833333333335,
        "max": 8067.0,
        "min": 110.0
    },
    "Пакеты для Дня Победы": {
        "mean": 3099.529411764706,
        "max": 6914.0,
        "min": 560.0
    },
    "Грудинка копченая": {
        "mean": 5232.8,
        "max": 6992.0,
        "min": 2265.0
    },
    "Цветная капуста": {
        "mean": 4753.142857142857,
        "max": 7337.0,
        "min": 1266.0
    },
    "Эндивий": {
        "mean": 5064.111111111111,
        "max": 9941.0,
        "min": 108.0
    },
    "Сыр": {
        "mean": 4228.2307692307695,
        "max": 7408.0,
        "min": 402.0
    },
    "Творог": {
        "mean": 2992.6666666666665,
        "max": 6849.0,
        "min": 630.0
    },
    "Баклажан": {
        "mean": 5298.1578947368425,
        "max": 9381.0,
        "min": 721.0
    },
    "Кольраби": {
        "mean": 5027.6,
        "max": 8669.0,
        "min": 635.0
    },
    "Бамия": {
        "mean": 4554.666666666667,
        "max": 9194.0,
        "min": 240.0
    },
    "Чеддер": {
        "mean": 5678.666666666667,
        "max": 9162.0,
        "min": 431.0
    },
    "Дыня": {
        "mean": 4817.571428571428,
        "max": 9929.0,
        "min": 1259.0
    },
    "Противни": {
        "mean": 5250.266666666666,
        "max": 9742.0,
        "min": 570.0
    },
    "Брокколи": {
        "mean": 4182.2307692307695,
        "max": 8342.0,
        "min": 463.0
    },
    "Сушеные грибы": {
        "mean": 4884.473684210527,
        "max": 9684.0,
        "min": 137.0
    },
    "Куркума молотая": {
        "mean": 6662.375,
        "max": 9670.0,
        "min": 931.0
    },
    "Пакеты для рыбалки": {
        "mean": 6268.166666666667,
        "max": 9737.0,
        "min": 900.0
    },
    "Турнепс": {
        "mean": 4211.0,
        "max": 8794.0,
        "min": 539.0
    },
    "Мягкие игрушки": {
        "mean": 3544.222222222222,
        "max": 8399.0,
        "min": 399.0
    },
    "Варенец": {
        "mean": 3747.4615384615386,
        "max": 9540.0,
        "min": 530.0
    },
    "Масло сливочное": {
        "mean": 4474.117647058823,
        "max": 8532.0,
        "min": 643.0
    },
    "Кокос": {
        "mean": 4640.2962962962965,
        "max": 8789.0,
        "min": 562.0
    },
    "Чай зеленый": {
        "mean": 4737.384615384615,
        "max": 9428.0,
        "min": 112.0
    },
    "Цукини": {
        "mean": 6336.5,
        "max": 9855.0,
        "min": 817.0
    },
    "Пастрома": {
        "mean": 5987.545454545455,
        "max": 9709.0,
        "min": 543.0
    },
    "Кефир": {
        "mean": 5234.764705882353,
        "max": 9236.0,
        "min": 869.0
    },
    "Конина": {
        "mean": 3697.6,
        "max": 6623.0,
        "min": 1470.0
    },
    "Челябинская": {
        "mean": 5541.222222222223,
        "max": 8988.0,
        "min": 956.0
    },
    "Мандарин": {
        "mean": 3337.4736842105262,
        "max": 9203.0,
        "min": 229.0
    },
    "Каша из дробленной манной крупы": {
        "mean": 6173.727272727273,
        "max": 9728.0,
        "min": 3644.0
    },
    "Пакеты для концерта": {
        "mean": 4049.8125,
        "max": 8459.0,
        "min": 384.0
    },
    "Панчетта": {
        "mean": 4993.272727272727,
        "max": 9731.0,
        "min": 561.0
    },
    "Бритвенный станок": {
        "mean": 5326.533333333334,
        "max": 8877.0,
        "min": 1092.0
    },
    "Свекла": {
        "mean": 4330.4375,
        "max": 8588.0,
        "min": 1509.0
    },
    "Кумыс": {
        "mean": 5796.583333333333,
        "max": 9798.0,
        "min": 457.0
    },
    "Огурец": {
        "mean": 3363.3076923076924,
        "max": 6985.0,
        "min": 168.0
    },
    "Ложки столовые": {
        "mean": 4330.25,
        "max": 9656.0,
        "min": 369.0
    },
    "Вода": {
        "mean": 4976.75,
        "max": 9380.0,
        "min": 764.0
    },
    "Абрикос": {
        "mean": 4474.375,
        "max": 9322.0,
        "min": 847.0
    },
    "Вяленое мясо": {
        "mean": 4704.692307692308,
        "max": 9178.0,
        "min": 235.0
    },
    "Куриные ножки": {
        "mean": 5817.6875,
        "max": 9910.0,
        "min": 726.0
    },
    "Пакеты для документов": {
        "mean": 5223.176470588235,
        "max": 9297.0,
        "min": 2549.0
    },
    "Тыквенные семечки": {
        "mean": 5410.444444444444,
        "max": 9775.0,
        "min": 632.0
    },
    "Чечевица": {
        "mean": 6876.111111111111,
        "max": 9863.0,
        "min": 775.0
    },
    "Инжир": {
        "mean": 2850.8,
        "max": 4788.0,
        "min": 484.0
    },
    "Какао": {
        "mean": 5436.266666666666,
        "max": 9842.0,
        "min": 269.0
    },
    "Сердце": {
        "mean": 5693.666666666667,
        "max": 9985.0,
        "min": 1662.0
    },
    "Имбирь молотый": {
        "mean": 4824.85,
        "max": 9889.0,
        "min": 294.0
    },
    "Йогурт натуральный": {
        "mean": 5459.75,
        "max": 9377.0,
        "min": 1763.0
    },
    "Пакеты для музея": {
        "mean": 4417.285714285715,
        "max": 9855.0,
        "min": 668.0
    },
    "Балаковская": {
        "mean": 6266.5,
        "max": 8440.0,
        "min": 1539.0
    },
    "Каймак": {
        "mean": 4964.333333333333,
        "max": 9927.0,